00.i2p,zmzpltxslembpaupg3srh4bbhv5txgh5jmms6sfj4hzsvlv3xugq
0ipfs.i2p,cdii3ou5mve5sfxyirs6kogt4tbvivk2d6o25awbcbazjrlhjeza
0xcc.i2p,gawouxh2sg32cluwlqsnpy3dwedvoqtfroi4evvdvm2pfv7tdadq
1.fcp.freenet.i2p,cuxbeputgxn75ak4nr7ltp7fjktnzl5sul3wstwnsoytbbpb4ixq
102chan.i2p,xxu3lso4h2rh6wmrxiou3ax7r7la7x6dhoepnku3jvrlwp35pefq
1st.i2p,rduua7bhest6rwsmmyttzssfdw3p4eu6bgl3mb4hin32qo3x5zfq
2.fcp.freenet.i2p,ndsznnipoeyapnsg3gj3yi2dzsqduxwalmujm5mzjm7e6x374tta
333.i2p,ctvfe2fimcsdfxmzmd42brnbf7ceenwrbroyjx3wzah5eudjyyza
55cancri.i2p,b4iqenefh2fr4xtuq6civfc6nhnia6e2yo36pf7vcgdvrwmh7xua
adab.i2p,pxjr6f2cig6v7v7ekam3smdnkqgmgseyy5cdwrozdyejm7jknkha
alice.i2p,iq26r2ls2qlkhbn62cvgb6a4iib7m5lkoulohdua5z6uvzlovjtq
always.i2p,wp43sdtuxum6gxbjvyeor35r5yvgtkp3dcu7dv47lx22zeb3relq
amazone.i2p,e6kq73lsxaeyiwpmykdbdo3uy4ppj64bl7y3viegp6mqrilqybqa
amiga.i2p,edy2xappzjjh7bxqounevji4wd2binqkv7gft4usrkan45xhbk5q
amobius.i2p,rj6432agdprun5baai2hj62xfhb4l75uvzl55dhj6z5zzoxv3htq
anarchistfaq.i2p,xosberjz2geveh5dcstztq5kwew6xx2brrqaorkjf2323bjzcd3q
animal.i2p,5iedafy32swqq4t2wcmjb4fvg3onscng7ct7wb237jkvrclaftla
anodex.i2p,25cb5kixhxm6i6c6wequrhi65mez4duc4l5qk6ictbik3tnxlu6a
anoncoin.i2p,nmi3loretkk4zbili32t2e5wyznwoxcsgzmd2z4ll3msgndyqpfa
anongw.i2p,owrnciwubb3f3dctvlmnaknb6tjdxtlzvv7klocb45mmhievdjhq
anonsfw.i2p,ir6hzi66izmvqx3usjl6br3nndkpazonlckrzt3gtltqcy5ralyq
anonymnet.i2p,77ouyl2ane7ffgydosd4ye42g67aomtc4jrusmi76lds5qonlffa
anonynanny.i2p,l2lnhq2dynnmf3m46tcbpcmbbn4kifjgt26go6n2hlapy4drhyja
anonyradio.i2p,cbobsax3rhoyjbk7ii2nd2fnl5bxh3x7bbearokyxgvmudn7o5bq
antipiracyagency.i2p,by4kcmklz7xnkai6ndfio47kts3rndm6wwleegtxghllimikdapq
antipiratbyran.i2p,y2qbhrvuciifbszaqqwxd5t75bomp7kzdqx4yxsrkaq542t75k3a
aosp.i2p,ly7raldsh2na2cgw5yvueyvqqjgx3vbqinecjrqdldgya76i2p2q
arc2.i2p,rnmosuwvtftfcrk5sk7zoyhyadh2g4dhe2mif5ml7qjisgkyw2na
archaicbinarybbs.i2p,t7o2tw36cffedgfr6kahewpkrntofnliuapji2e4rucl3os55epa
archiv.tutorials.i2p,lldr2miowq6353fxy44pnxfk37d6yn2f6kaivzecbmvvnnf5exyq
archive.i2p,x54d5st3dl6mwgfxj6raiekqkypo5pdvuex3n62szwju7hgefiyq
archive.syndie.i2p,abbyu5n3mh3nj7pe3b6byldrxswvva5ttxcafsnnseidanurq3kq
ardor-wallet.i2p,tm23k5ny3umhf6vf3kghnnwacli5zywq5wrr3xcqowbcofuyr4gq
ardvark.i2p,jcmw2sol3hruwc6rfinonx4e23pjkukkg7lg7xt7xb2gpiyyraiq
arf.i2p,o46lsq4u7udxg3qqlidrmpj4lb4nr7ldxmbb2x53nftndaeyxqeq
arkan.i2p,7o5y2lyyrjx5tf6l4fyumywui7msjv5azaaheatvw5sqj7mxbuvq
asciiwhite.i2p,itbzny5ktuenhjwjfqx3jravolhlj5wullhhr2m4qr6k2emnm5dq
aspnet.i2p,tsb7zqru57p4q2a7cto2lko4w5cg4lieglwm6t27c44fkphqmf2a
asylum.i2p,p45ejjw4p2q6nq3mzi6cm6ep35grtzshboidj2lojmrmic22noha
auchan.i2p,6vxz4yp3vhjwbkmxajj7wiikxafwujig63gkhjknbq6xh4rqpm5a
aum.i2p,ohdfneqxapfd3fwfbum4tut7z6k3rnr7rrguoxdrrfe2tln2kpbq
awup.i2p,v6g32duzrkacnrezfbll3pza5u37h7lnukr2wbsk6rqen6prhbga
b.i2p,272kt3gcx6wjurunzaiiwld7s5p4mpjewfubzmlcvw2vie62ckpq
bacardi.i2p,hivhnx2v47vh234c7coi2urj5cyvbl4bu3ypjr7snklortyqeljq
backup.i2p,kepphem42whle3rkfv26wcksmnegdbg6rdp6t3oobdkc2fmzrdkq
badfish.i2p,f6v26gyr4eipy3a7pi2voulw5qvob6dg7zij6xpo2ywbi5tvbu6a
badtoyz.i2p,3qz6ubtwlt2c4iasofjirkckq43u5fgkzyg7mlutcsym5gzhijna
barry.i2p,4kyahq53ol52n23l44tefgeaxqpp3cbb632t5k3umdvqcooevdzq
bash.i2p,s3wouoilbl3mrefxjhp4qoyujgok34e7y6vmpbu6hx4342ivqo4q
bdl.i2p,kp6fnuulenbjm7r26pfbmjcq3u7c7kvxeajodvgr5flcnskdgi5a
bdsm.i2p,pa7fxql5jljegg7j5tglhnnaod2sptq3gxvdn3ji6muqyhgn3poq
betaguru.i2p,d7cduwwhrcc2voameqfkvd66u3advu4jw2p6pysgax35vq6ovriq
beyond.i2p,uaicfqlrpjtitqbqkpfujanj5dollzfzee5glsuls67ekw6hlpoa
bible.i2p,pypz7ca24n3lyp4tm3kvncg3ltp3gd5pgnacc6zltoeffiyyegda
bible4u.i2p,xs6lr2g5jiaajtb3nkno2zmy34eipitrggooxb7wtey7uko7bqmq
bigbrother.i2p,tnxiifs6uticzyg6ac4lhv2l5luwi6xra7yngocro56ive5e4jsq
bitlox.i2p,lqw5khxcdntlv3u4vhn53upcqirplvnc4etjlmoytrzs66ytettq
bittorrent.i2p,pgax2vz572i4zsp6u6paox5xubmjrkqohq6g4hvlp6ruzzy56l5q
bk1k.i2p,nlyegmtyfffo5jfgg5h4dxxnlmqko2g36gpaye5a7vd3is35xxfq
bl.i2p,e73d6uhnfbylza6wqkhxejmqeyfb7thkzw35gn5ojmna64jzyk2a
black.i2p,sjwueu62qpe6dtv5b322k3f23fl4uz3w6qe6wcrwauiwpnymypfq
blackbox.i2p,7josyf7zjieoib3ovmr5a4dh5w64kmfh45lv5h436eljtgfegtqa
blackexchange.i2p,ztgr5kghkyn43fhhkuycroxgfti6cojo3vg4wdd3usqonyvrla5q
blog.curiosity.i2p,yiz6jec5k7ccxdgnh7msqa4ze52bqqmf6rpq6bqdyojra2erd4ta
blog.polecat.i2p,orlccceubewvxo3fbdyydq6e4uuidbs4xd5u2gyqbculnowo3ehq
blog.tinlans.i2p,ylkch2nkrwehakx4z6wiyjbeqwlgasknukdkex6r6yq4xusrjnda
bluebeam.i2p,lvxp3cbcfwtol57d5pmrsck32t7ndutlxubjb4smaf32bynhlk6a
blueheron.i2p,anfb5jrhixjmvkyxctqwkezqer7dbob22wge2bh6wsewbhgnftfa
bnc.i2p,fr4zbcygmx2vdct6nrabakfys4b4derm6jqu2ovppkgqillvlqxa
bob.i2p,i76m7dwm5hnapljendbie6fc5y3mjlkdlduo3tvbwiwmvhxbpyaa
bobcat.i2p,ftuukjtcquuvppt726w37boit7gp5hf2yxwfop35prx3grzzzxlq
bobthebuilder.i2p,qlahgthqhr4uojkkwahnper2cl3ro5f5gtzy5t4lzapbzo4osy6q
boerse.i2p,7633w56hd53sesr6b532r5qlbdnvyl5bnvama6ign6xryaxol4rq
bofh.i2p,auvuinzogu6gc4pwsgbjijuszxgcjygciu2wy53pfz7mo5nfpc5a
boing.i2p,bgsq33bh74j66hn4oh7oovlvuhhdyw22lq2qi2fnv3jyh2ryap3a
books.manveru.i2p,eb2tisc2vr5jvjqrixrozcujiucwxg4m722stxwho5666ipl67zq
bote.i2p,bhjhc3lsdqzoyhxwzyrd63kvyg4br6n2337d74blyintae66mr2a
bozo.i2p,7a2d23h6htprhzrol36vgwgklsbqrnuya4tbaaaspmaeaodt57iq
brittanyworld.i2p,e76umhhic3474sdxiuax25ixyfg7y3z7oojj4fmxvhgv3ruet6aa
bt.i2p,uhkuu54pg47zey76h45tnvsdtpkf5bthbtrjgnaloi5m54h4hlaq
bugfuzz.i2p,ubszn4gsf22vga67rvzzlg4qj2bfcq6o52fmxz46xruawqm6z7rq
burntout.i2p,lkep3fd7tjvxrs25crr2c3jy7xm4s7bqiua5r327zgpw37sgyerq
bytepay.i2p,7amc4ztwkzu3cgsaaaw3223ohuihn5hlsqc6gpf2rxdyptdkyugq
ca.i2pd.i2p,u5safmawcxj5vlrdtqrsqbsndkr5cfenpicgg5euu4xqm73yicba
cases.i2p,kmpmk2fmineaiwublteqlifg4fkmewnhmxqlcgg7qwecz6daj43a
cathugger.i2p,vq43xjjcnejqpzfprws5qzrea2siieshu4tglpdepql2w3w3bpba
cbs.i2p,u3lp7wazvq6opodzwjg5sc5w5kwxehmxd4wcdpt4s4j2k4dx4apq
cerapadus.i2p,zroed2cxga5zeuu6rcvmp2yfi77nzduw7yhdplbeuqkuyxwbrzaq
cerebrum.i2p,u5gtsfn267udwfh2uq35jiabkufifvcbgv456zz34cydutsiw2eq
cgan.i2p,43z65gdr52xe3fxmkumwp3dzhedu4tu4rdtzr24hz5b4awcpfbqa
chat.i2p,ollpwnp6yidc3obbb3famgt6rw5jg5w3k3a6z7hhaegj6gcohiuq
chess.fillament.i2p,tv6wbanei647yf5bie4dhg2wmybkjurezlpdfwftc5ajqlfswwya
chess.i2p,sbnoqznp5yzxals3vs6nzyqaj2fetvonys4e3b3x4ktmfeus54sa
china.i2p,wit6f2zx6dtuqqze6nhbykrds3idppfirxvhf2f7ydqoqf4xdzeq
chitanka.i2p,u4s3jneepk3akoez46kqiwikoezi6zyj2ibjkjyi4uuvsbcojzba
ciaran.i2p,2r3645eete6xwbfu62ogonudcrcgqq25sbnij5v4geru74yrscna
ciphercraft.i2p,7s5pkqbpbfdkxtwuu2e2iwstbikyewvvscy76lij4x5pfbygbjca
closedshop.i2p,6fg67mbw2okopzyonsck4bsy3cy7l2fame56uiysr2cezhjhzdbq
cneal.i2p,g4za73ffigv3ht4jnhzy4dae52djjq7lqcguqsfg3w5cxzqm7nba
co.i2p,3mvo5eifcwplcsoubtvqkzdahwo2sdhfygfdde7lj2glybk4q22q
codevoid.i2p,2mukrqwtinsw27uoejtrz74zxtilyhnnfdyso7j3yo6vaa6nzlaa
colombo-bt.i2p,cyr75zgiu2uuzap5zeosforbgvpfbqos2g6spe4qfulvzpyhnzxa
complication.i2p,x2av6rwj5e5tp64yhdmifdyleo4wblw4ncrrcrabxwscuevpdv7a
comwiz.i2p,6p7zqfotzbd66etl5xqy3p6xvr5ijucru3am2xqa7wmnj6vf3djq
confessions.i2p,lh5vitshufxpmyr44zgyymebo5elc42eda7pxvn5lmtes47c7rxa
connelly.i2p,5yrris3nigb3fapvzrlrcaew6cdmzdknzvgrc7y2jpn3ntqurweq
costeira.i2p,abhty5xlmnyab2kqdxcd56352kcescxoux3p6dbqdrghggyygnxa
cowsay.i2p,q4ghzfpah4ffvm3bhc6fdkrznk5f6jxfjm2daytlparznai5d54q
crstrack.i2p,mm3zx3besctrx6peq5wzzueil237jdgscuvn5ugwilxrwzyuajja
crypthost.i2p,zywhrxtnkjc3rxxvxbocom7ml4hnutomgtuvqrwyf3rhuupnq5ca
crypto.i2p,vffax5jzewwv6pfim55hvhqyynafkygdalvzoqd74lkib3hla3ta
cryptostorm.i2p,mlu7mswyirjf53usqq7gyamvqc6rqihezgdbevov3dkxmkfo57aq
curiosity.i2p,eomeif4xrykxlzhawc3icdilje5iammijos6tyizwhrfh3j7qdvq
cvs.i2p,yd6k7dzpsa2tnlzx4q7xqkmd4qsjk5xk5hbiqpiarwbeyvxaxgba
danwin1210.i2p,eoqdf4no5dxn4tw5n256kkd4lzz3uk4p47np4mepsykpsdzrnvba
darknetnow.i2p,gkx3o5fy7mv7l4psqqnhp35d5iun7rt3soci6ylf3rgb7a5a655q
darknut.i2p,2mk37gtvpk2i63o6vl7vna4dr46rqexxetupgn5efuuins7x3qya
darkrealm.i2p,gbh4eerxdsph7etxsxznfhvmuiz54trlkenakqep343u4xcoekzq
darrob.i2p,hz2xhtpeo6btgiwi6od4qj2575ml5o2246rd5orarruyjhd63zja
dashninja.i2p,dzjzoefy7fx57h5xkdknikvfv3ckbxu2bx5wryn6taud343g2jma
davidkra.i2p,nq7ca2egm563nir3xegfv52ocgmxstpz56droji4jgnzfoosk45a
dcherukhin.i2p,qa4boq364ndjdgow4kadycr5vvch7hofzblcqangh3nobzvyew7a
de-ebook-archiv.i2p,6mhurvyn6b6j6xa4a3wpuz7ovpsejbuncvyl6rnhepasfgdgmn7q
de-ebooks.i2p,epqdyuuhtydkg5muwwq47n7jvr66pq4jheve7ky5euls6klzwuyq
dead.i2p,7ko27dxvicr2sezvykkrfiktlghx5y5onup3f2bas5ipocy6ibvq
deadgod.i2p,63bveyh7wefb44hlia7wtxxb3jal3r67thd6jekmwrtq4ulaaksa
debian-multimedia.i2p,cylxxz2y35x6cvyrl57wu3brckurtexatyi2i5awz3eeamqwjspq
decadence.i2p,pw5ys7k2grjb5myydpv6ohikm6nna7y6u2dro44i4rucgulu3ikq
deepwebradio.i2p,2nait2gdeozkgf6gyhzjfij6mwldwkxxwcvtxobb4b5q5cvtm5la
def2.i2p,cepsrw27kdegwo7ihzouwvgcvw2obswwjs23ollgj7hk2yrce3da
def3.i2p,xbf3ots2purqun7orn72ypkpjmrzbfrkj3u654zfe77hbrbow6la
def4.i2p,yyzdq4fwwmnlojp23drfpfqujln2vcjozjrfzfeuriuqzdq7g4mq
deploy.i2p,ujzspsqkbz5z272eozsrdv4ukl434h3fuliwrfxxnab74jmd7e6a
det.i2p,y6d4fs3rpqrctuv77ltfajf5m4tl4kzcu7rtwhxgiohylfxxow4q
detonate.i2p,nykapdsjjswdkjov7x3jzslhg4ig3cpkhmshxqzijuhbisx25jja
dev.i2p,cfscxpnm3w3qxnlv3oikewxm4qrot4u6dwp52ec2iuo6m7xb5mna
di.i2p,3irnooyt5spqiem66upksabez4f3yyrvvjwkmwyzlbealg64mgxa
diasporg.i2p,edvccoobtjukjgw2os5eetywanbb2mpag5aknkrpia5qx2koksua
diftracker.i2p,m4mer767ipj7mq6l7gdrmrq37yzvsj3kzezd7n7nsfuctntjseka
dm.i2p,heysbdivyeugdbggpscco5wje3dsvwgcpp5ot4sopooebnmiqvtq
docs.i2p,ato242wckzs4eaawlr5matzxudt6t5enw73e4p6r3wajwkxsm3za
docs.i2p2.i2p,las5l45ulwwf5i72nht6vk33sfkidcpr2okpf5b6mvgbk3a2ujna
downloads.legion.i2p,xpmxdpuuptlekyhs7mmdwkvry7h2jbvpqpzsijqe3a5ctxgodesq
dox.i2p,vk27cjdrtegfdnrjqutebgxkpyrfj42trdfbsupl5zn2kp34wb3a
dropbox.i2p,omax2s5n4mzvymidpuxp2yqknf23asvu54uon6cxl6gdrlblnuiq
duck.i2p,3u2mqm3mvcyc27yliky3xnr4khpgfd4eeadhwwjneaqhj25a65ua
dumpteam.i2p,2fwlpuouwxlk2nj4xklvm43m52tqyhqnu2fcfiuv7clvf3wd5nwa
dust.i2p,u6xgh6zhhhvdvefbqksfljfs3nyjvqcrmyamp5bryz5f4injmniq
dvdr-core.i2p,fg6l2ej6qrk5rkyfzdptxx5xkcm4kvdla4gg2tun7z7fm5cxxw5q
dyad.i2p,7n2ljphvp2dep7imoujvydxp4myuxfld3axwfgcny5xc5x6jj6ka
e-reading.i2p,z54dnry6rxtmzcg7e6y3qtsig5yf5fmehuvakcg5wnuahx3iafuq
easygpg2.i2p,bwxry5alzx5ihgrd3glah4eotddblzhalvpheppnw4zcajzqoora
eboochka.i2p,ou7g64d5in4sugv5fgmmzwnunuw5hloixio7puthmrvrkwrp6egq
ebooks.i2p,bvpy6xf6ivyws6mshhqmdmr36pruh2hvoceznzeag52mpu647nzq
echelon.i2p,afvtspvugtd32rsalxircjglh3fhcjzk7gxrm3gw4s2yrpvzk6wq
echo.baffled.i2p,bfr3lyicr72psxvt2umqfb562rtex66w6q3hi3tktzkoyane2iha
eco.i2p,2dq2o5h6c6a674qaduipp55mid5iktumjbswuwmpsrcqaeowdvwa
eddysblog.i2p,ieac3ub4g5sy3wuhsbqfembnpp7f3a37xgcx537ytzsmgfzexnbq
edge.i2p,aknsl5wmzjmwyc4wxutfdwy2w5vgd3vcx52mqx647hcgvyurmqta
eepdot.i2p,t6edyotbxmxvy56fofdvmragvsj65te2gkhvzv5qnblicutyvgoa
eepshare-project.i2p,sn26kom4qyuzouppv4lwnk6bqabdydcegtrilybviibwiq2s4nfq
eepsites.i2p,isskhl4ak3g7qevrarlmblddgr4ugnn3ckalwpjcvxafk5rjgypq
elf.i2p,duz6ey27ohpcp3llylklzdb63lylolzcixad6bh7rt5tkq42qqpa
elgoog.i2p,z6hrgkg2ajmuzlrddjlffrgctx7x7fkipm6c4hdzmohyn5wkr4ya
ems.i2p,734zw4jsegdf55zl3z6s22tqkbxcghu4qvk6q2wevjfmx7xhbn6q
epub-eepsite.i2p,yxvzjwd4vin6pnjauekdufh7lxaijal3kqe2bhakuf47g5zkb6xa
es.hiddenanswers.i2p,cw7ge5ey4ekp5iep2kaw6j54boebtqytpcbnvio2bfpccd5ejzfa
eschaton.i2p,xe75f5hzmrq6rkhsef2geslmi2v2yfngdiysmlmxvh7b4pyyjk4q
esuwiki.i2p,cwxuiwcpymb72vm5vluba66ofhugyf5qeevvwo7e2fqrxl243coa
evil.i2p,ljfl7cujtmxfffcydq77pgkqfxhgbikbc6qxjgkvcpn4wzd73a4a
evilchat.i2p,s5b7l3hzs3ea535vqc5qe2ufnutyxzd63ke5hdvnhz24ltp3pjla
evilgit.i2p,mx5vyoqhg77yuhthwznsxrepjsemq4uwitx4lxdzetk36ryl5rla
exch.i2p,vsyjsbbf2pyggtilpqwqnhgcc7mymjxblamarmxe5hmbxaxvcndq
exchange.gostcoin.i2p,n33uthzyqsbozl2qh5zii2bq2nnvbz6g6c4ew3mwp6uukk6u7wva
exchanged.i2p,ylmulgfskl6uiwac4hw4ecwqdzd3oxtwaemzj25zc6k5q4rkexra
exitpoint.i2p,5zmjurq3enudcenegnxu5hqmfmayz4lxvnik6ulch4xssa2ithta
exotrack.i2p,blbgywsjubw3d2zih2giokakhe3o2cko7jtte4risb3hohbcoyva
explorer.gostcoin.i2p,ktoacmumifddtqdw6ewns3szxths2hq2fat2o7xnwq4y3auga3za
fa.i2p,6n6p3aj6xqhevfojj36dixwbl4reopkhymxmatz7ai5sroh75rka
falafel.i2p,djpn5cbcgmpumwcriuzqistbae66txca2j4apjd2xesfgb7r5zmq
false.i2p,77mpz4z6s4eenjexleclqb36uxvqjtztqikjfqa4sovojh6gwwha
false2.i2p,j5i2tfumh3ti5sdtafwzzbpupmlcbg5drysfay2kxbdpsaljrosa
fantasy-worlds.i2p,62a4xcyyhvfrcq2bkckb7ia37fmrssrgx467tlkxp32fjpq577wq
fcp.entropy.i2p,de6h6ti5z3mcbdcwucu45vplikqyoeddsu3rqy7s2zy5i47j3peq
fcp.i2p,ndsznnipoeyapnsg3gj3yi2dzsqduxwalmujm5mzjm7e6x374tta
fedo.i2p,zoamh7e3k2vf2g6pfy46ho4taujk2f4mxqqsv3gbg554fxbvyfqq
feedspace.i2p,kvtnpx4jylgeyojfhix4x462sqn5uork3roml4sfzotkxx62i4wa
ferret.i2p,kkqie5qmja7bkf3iad4zxhrdarwj7kbrx2m3etn5kmba3shgwj4q
fido.r4sas.i2p,i522xmu63hfbaw2k54cthffcoqmeao6urjyq3jg4hddf6wf57p3q
fifi4all.i2p,v2stz6bsot7sbjzix5tky5dm5ej7gidmjnkvzqjju5xvz5sz6fwa
files.hypercubus.i2p,qfglq25jwieszgyt7muz6dambzqsrmjhhszygzzx2ttubc77sffa
files.i2p,w2sy74xe6oqnuz6sfh5fhkzu7boholgzd5f3anhj47srxwpj2vaa
files.nickster.i2p,yil7dp2hg5pbqyovsiwb2ig6zjsq4tize3fnwemmqdrr6j5itdtq
fillament.i2p,udj2kiino4cylstsj4edpz2jsls77e32jvffn2a4knjn4222s2oq
firerabbit.i2p,awqh7n3wskzl3epyvkdwgarmfybsncm7vye6psg4tpkmplh3mj2q
flibs.i2p,ocdm33e3h5tdml3yyholj4objdwsrhlugfqjnqgdkslmgdzb6b3a
flibusta.i2p,zmw2cyw2vj7f6obx3msmdvdepdhnw2ctc4okza2zjxlukkdfckhq
flipkick.i2p,aso5rzc4ym6g2bcbxjy2n573bmbenkjawva2jg7fhyqhwtwgu6lq
flock.i2p,hflpi33ko5bi2655lx6bpzstdnjqgzrz23inovqjx5zpntyzyb3q
floureszination.i2p,vitpvfb25sikuk3crgcvtcdi7hajxnnq2t6weay3no7ulur2wwwq
forum.fr.i2p,onvelkowkbuwrglhw2cnocggvbdudi75sll5mfirde3cbopjqivq
forum.i2p,33pebl3dijgihcdxxuxm27m3m4rgldi5didiqmjqjtg4q6fla6ya
forum.rus.i2p,zd37rfivydhkiyvau27qxwzmerlzbqtthsa5ohtcww62zrygjaga
forums.i2p,tmlxlzag7lmkgwf6g2msygby3qttxvm6ixlfkq6s6cpgwubp33ya
fproxy.i2p,keknios3gm6kh6onez6x2bm2t7stv54oanvltuagphgdfjdw5e2a
fproxy.tino.i2p,fpaituvuvyxp6xdjnv3i27alnj2ifzcvqdweqb6yj5uybotzvyha
fproxy2.i2p,r4lgw4wmza25g7j5fjocjbwzwthfg4ymcbm52ref3hh2hogskcza
fr.i2p,ia6xlsnygorllplx2owokahtrkospukvsmysz7i7bzw3vejc4hdq
freeciv.nightblade.i2p,rluupsgxbvw5t7jno3apyzlrdirjkljft4gdoy4mxxh4fmd4xzta
freedomarchives.i2p,4ck6oliqfjz3sccpya2q4rh5xkj5xdxkqs76ieml37537nfhwd2q
freedomforum.i2p,abzmusjcm3p3llj4z7b5kkkexpsxcnsylikokouk5txfim3evqua
freefallheavens.i2p,giqnkltyugfmsb4ot5ywpvf3ievuswfurk6bjie4hxi2hh2axajq
freenet.eco.i2p,2kf7ovb35ztqkrurkm76y34jfpwi6go25xj7peznnmxrl7aieo7a
freshcoffee.i2p,sscuukigp6alcb3ylhkcugoejjfw5jqgtqbsbafw4hyku42lgc3q
frooze.i2p,m6ofa5dmyse4b4jg7kfmluuuc4pw5jqu6zh4qnboin4vropxepja
frosk.i2p,63naq7zb3hvbcppj2ng7qwf6ztusp4kwpyrzbt4ptafcdbu4pfjq
frostmirror.i2p,ycz3imuz6yte2zhlapmsm3bsvc46senvc2jxzwsbfdct5c72qulq
fs.i2p,ah4r4vzunzfa67atljlbrdgtg3zak5esh7ablpm6xno6fhqij35q
fsoc.i2p,vaqc4jm2trq7lx2kkglve7rkzxhhaptcwwl32uicx4ehf5k3hx6q
galen.i2p,4weo7zkxscxbcouiqx4mlnb35uwl2lromikzk33er3fljktyvi2q
gaming.i2p,rfxberwod6st2zc6gblqswxjl57nucgc3xrbwss43pe3dvqqzj4q
garden.i2p,qkk2dqx6nocycgt3vinsoc76cxkb4jreybcpgz3fcps2dbe4rowq
gaytorrents.i2p,fnggbr2t2aulr6rvlo4aehotx6wecfob7u3k2nxsnvtm4xex424q
general.i2p,5fklrsztdqpl3hkkwwrrw2rdowrq7wwhwb6h7avvk4fhansp4vvq
gernika.i2p,wpzqv3lxpecdsvcaadvbmrhhwlc7kp4n2mijdv2qjw3zr3ye232a
ginnegappen.i2p,kbhfkzx5jeqhfgss4xixnf4cb3jpuo432l3hxc32feelcmnr3yja
git-ssh.crypthost.i2p,llcp7jvz3hgtt3yzkdgjolwobisgvhv4xqa5a4oddejllyozur5a
git.crypthost.i2p,7frihhdcisdcyrzdbax6jzvx5gvtgwsm7m6kcem2tlaw4jtahbqa
git.psi.i2p,em763732l4b7b7zhaolctpt6wewwr7zw3nsxfchr6qmceizzmgpa
git.repo.i2p,vsd2vtgtuua2vwqsal2mpmxm2b2cpn3qzmqjoeumrrw2p4aot7uq
git.volatile.i2p,gwqdodo2stgwgwusekxpkh3hbtph5jjc3kovmov2e2fbfdxg3woq
glog.i2p,ciaqmqmd2wnws3hcpyboqymauyz4dbwmkb3gm2eckklgvdca4rgq
gloinsblog.i2p,zqazjq6ttjtbf2psrtmmjthjeuxaubi742ujrk2eptcsaoam4k7a
go.i2p,ll6q4lsirhwkln4dqxwqkh2xu4mu3jiy546b4uhe4fypyb4vvx2q
gonzo2000.i2p,nogsv7okydhbvrewv6hb4xdojncvhkusnyib4lglluc4uw67a37a
google.i2p,4p3ajq4cotnflmuv7fhef3ptop5qpm3uzzgp5bahxif3nc4w3ffq
gostcoin.i2p,4gzcllfxktrqzv3uys5k4vgkzbth4gqednwhfpt755yivm3davuq
gott.i2p,dqows7dpftxxl2bd4bgcpkck6knrysdun6mtqy4ms5dxobbvg3ja
greenflog.i2p,zny5ftmhzxulxzyczmeat53qjnue2xtqv2clisc7dg76lwfceecq
gstbtc.i2p,n33uthzyqsbozl2qh5zii2bq2nnvbz6g6c4ew3mwp6uukk6u7wva
gusion.i2p,4qyfdhizjixe2psu7wcvqufix5wlijocehpb2futurcmlhlktrta
guttersnipe.i2p,kizkhzes2bzp45widihremo6geepfk7dl6juourkvzuvlc6y3spq
hack8.i2p,un63fgjgi3auvi7zscznwqfol7ka4johgthvqf635mg3fefsjgpq
hagen.i2p,e2t6rqd2ysbvs53t5nnaf7drllkgk6kfriq3lfuz6mip6xfg644q
heisenberg.i2p,jz4quyw7zt63tmw65jfp76fblwadjss4iyi4puqdg3dye7oaqlvq
heligoland.i2p,gzrjm62ektpqjfsem3r3kwvg6zpjvvhvpjvwfxkm2ay4zu7sp6oq
hidden.i2p,iqodhhqo473qv5gwhjcs2bsrbhlqtpzgpnuumpastfiyhuwb2kyq
hiddenanswers.i2p,kj2kbzt27naifij4ki6bklsa2qfewxnkzbkgvximr4ecm7y4ojdq
hiddenbooru.i2p,zma5du344hy2ip5xcu6xmt4c7dgibnlv5jm4c2fre5nxv44sln3q
hiddenchan.i2p,6y4tltjdgqwfdcz6tqwc7dxhhuradop2vejatisu64nwjzh5tuwa
hiddengate.i2p,rvblcu54jvkkfffp3fobhunsvpgfc6546crcgzielzwe2s5m5hbq
home.duck.i2p,jsh7yfvm2t5urdcnmfzdy4n6vegqskdtlwem53chgxli4ipfmuma
hopekiller.i2p,kcaelbgsvrkiwpx36b4wxofebrl3njx7rgm5amzfmqwbomt44cxa
hotline.i2p,6cczi27iuxkm3aivazaemzltdqgh42ljzurqp43uclbz2lid2uqq
hq.postman.i2p,27ivgyi2xhbwjyqmnx3ufjvc2slg6mv7767hxct74cfwzksjemaq
http.entropy.i2p,ytu7kz5bdoc26nkpw2hajwt3q7n5rcbg2eokyefhmkxmmslimbdq
human.i2p,nrtcelq3humyfvoxmzmngpka6tmyifweouku5mbi5av4lc43hzaa
i2host.i2p,awdf3nnmxxup5q2i6dobhozgcbir7fxpccejwruqcde2ptld443q
i2jump.i2p,633kqgmwzzu6vhkevwvbf2pfyejt3gkes34i6upa4og57fgdfcxa
i2p-bt.postman.i2p,jeudwnx7mekjcowpqo6xpkwn7263c57y5piurrjrdzinjziu4fla
i2p-epub-eepsite.i2p,yxvzjwd4vin6pnjauekdufh7lxaijal3kqe2bhakuf47g5zkb6xa
i2p-javadocs.i2p,icgmr6hhjudl4yxhtuq4pxvss2pzypwddzowajgs5rdz6f55novq
i2p-projekt.i2p,udhdrtrcetjm5sxzskjyr5ztpeszydbh4dpl3pl4utgqqw2v4jna
i2pbote.i2p,tjgidoycrw6s3guetge3kvrvynppqjmvqsosmtbmgqasa6vmsf6a
i2pbuggenie.i2p,bioq5jbcnfopqwvk7qssaxcl7avzeta6mu72jmxjeowflpcrhf6q
i2pchan.i2p,tduxyvfs7fzi26znvph3mu2d2ewaess7emomfci22wvownajphuq
i2pd.i2p,4bpcp4fmvyr46vb4kqjvtxlst6puz4r3dld24umooiy5mesxzspa
i2pdocs.str4d.i2p,yfvbtrhjac3jutdsqzugog6mbz3jtyhpwovrt2mqc5mzv534y7cq
i2peek-a-boo.i2p,qgv64klyy4tgk4ranaznet5sjgi7ccsrawtjx3j5tvekvvfl67aa
i2pforum.i2p,tmipbl5d7ctnz3cib4yd2yivlrssrtpmuuzyqdpqkelzmnqllhda
i2pjump.i2p,2mwcgdjvfvd3xwumzqzqntual3l57h3zo7lwdmkjboeraudpkyka
i2plugins.i2p,bb63kmnmbpitsdu45ez54kmogvvljn3yudksurcxiyq7dn5abt7a
i2pmetrics.i2p,v65p4czypwxrn35zlrfkar2w77vr42acd7gbszegsrqq4u7sip5a
i2pnews.i2p,tc73n4kivdroccekirco7rhgxdg5f3cjvbaapabupeyzrqwv5guq
i2podisy.i2p,3c2jzypzjpxuq2ncr3wn3swn5d4isxlulqgccb6oq5f6zylcrvcq
i2push.i2p,mabdiml4busx53hjh4el5wlyn4go5mgji2dxsfyelagi4v5mzjxq
i2pwiki.i2p,nrbnshsndzb6homcipymkkngngw4s6twediqottzqdfyvrvjw3pq
iamevil.i2p,au7jhslyt4cxkjp365bvqvend3hhykrrhbohtjqlgoqrlijbezja
icu812.i2p,bxgqwfsnr3bgnr6adn62anjcin5nuthqglotb3wn3dgynsfofeva
id3nt.i2p,ufuqdzsxltiz224vq5gnuslt3a3t72dhy5kq6i2xway53m6pzv6q
identiguy.i2p,3mzmrus2oron5fxptw7hw2puho3bnqmw2hqy7nw64dsrrjwdilva
ilcosmista.i2p,6u2rfuq3cyeb7ytjzjxgbfa73ipzpzen5wx3tihyast2f2oeo24q
ilita.i2p,isxls447iuumsb35pq5r3di6xrxr2igugvshqwhi5hj5gvhwvqba
illuminati.i2p,syi6jakreatlm2z22u76izyqvbm4yi4yj7hr7jb63lgru5yhwwla
imhotep.i2p,qegmmhy52bdes2wqot4kfyqyg7xnxm5jzbafdb42rfoafadj2q7a
in.i2p,r5vbv2akbp6txy5amkftia757klgdy44s6cglqhmstpg65xycyjq
infosecurity.i2p,v3gkh5kqzawn2l3uzhw6xnszsh6w3nztjmlwil7p4kyrwrsm2dba
infoserver.i2p,jd3agbakybnhfvkeoxrx7t33iln6suzomv3kxkxf77j7rkonch6q
inproxy.tino.i2p,ex5yf6eqqmjkrzxnkn6cgvefgne24qxsskqnpmarmajoit43pgma
inr.i2p,joajgazyztfssty4w2on5oaqksz6tqoxbduy553y34mf4byv6gpq
instantexchange.i2p,5wiyndm44bysev22kxvczxt37p6o6qroiqykytrvn2yzi55aqfxq
investigaciones.i2p,n7hqd4asxrdwf3zwo7rzv27y2qkcfmakmz6mjar6aw6hlc4c7mha
invisible-internet.i2p,jnpykdpp46zenz4p64eb3opadl5g42dls3rurk2cvq6a3g3rvbvq
io.i2p,tx22i6crnorzuti3x6va4mijsbhoqswy2cfdxjbvprgsq4eerg7q
irc.00.i2p,bvcja52pppgfspp2ueuipoysjnvvoyblz2h6smpxcmanjquogirq
irc.arcturus.i2p,5nywlbn35p2nwsymwpfmicu6fxono6g64vwusxbsvmm2qwz6vupq
irc.baffled.i2p,5zmtoopscym6qagkvpgyn7jnkp6dwnfai745xevkxlou77c2fsjq
irc.carambar.i2p,hxzbpivxqxy6nuae4t6fnkhcgnhs4c72vt6mmsqfmfhrkn2ca6gq
irc.cerapadus.i2p,e4ckznxcxvgyikzjmjsu72i2dbj2d76ogexyukklbjvpcnhp6zzq
irc.dg.i2p,fvp3pkcw4uvijqabwtekcdilklp73gyasuek67wdcs2mucep4caq
irc.duck.i2p,chdpmm4gxffyn24xx5dhxvfd5httu42i5gtoe6cctjlsf4mbofeq
irc.echelon.i2p,ez2czsvej5p3z5bquue5q3thujcodfze7ptybctqhnqc7hms5uzq
irc.freshcoffee.i2p,ubiu2ehtfnrleemgpzsqkahwnvzuaifqa3u4wmaz5maaisd5ycfa
irc.i2p,l3ohmm4ccxvyuxuajeaddiptci5lsrnxtvtyq7iohphrt3oj2evq
irc.ilita.i2p,5xeoyfvtddmo5k3kxzv7b3d5risil6333ntqrr3yvx3yubz5tk3a
irc.ircbnc.i2p,4rqcsqd7xif6r4v55blqvmqu5er6due4eyene3mjorfkts4o3rxa
irc.killyourtv.i2p,wre4majmg2vnbi6id27et7yw6lnpf56wkbm6ftnlwpvxnktq73hq
irc.nickster.i2p,dhq3fhd5scw3jqhj5ge7kqfpprfolcgxfjbaw24obohaiqjtdu7a
irc.orz.i2p,7gifacog4aoons3syybojbbnyqqaaqijhngrehn2xlq3eucuyjcq
irc.postman.i2p,mpvr7qmek2yz2ekegp5rur573z7e77vp3xqt2lfbco5i6nkfppcq
irc.r4sas.i2p,hodhusp73gltozgrnianlbploon3rrvhrzfn5mf2g46o7aaau5la
ircssl.cerapadus.i2p,4x2i745i4w52ss3he2kse6tzwt64pr62yvrcb72lgvrb63fup6ea
irongeeks.i2p,ecduxoion5uc5hnvzjxff6iiwhdwph6gse3dknyvlo7e6gaeho7a
iscofsi.i2p,enjgdxs4um2dmhdb2ajff2egrdijkjji3g47m6unb74swbrqsddq
isotoxin.i2p,wue3ycaccf4texikza3fh6p5yrmtgnooisuypnepo5mo67lmpcqq
itemname.i2p,o35ut7hgywy35okvgkjkv3ufzv2ejv4luap4oytwbyy2jqy6u4vq
ivorytower.i2p,fpwrfvidfexsz7dspofkwtkmmizm7lyralfz5kvykffk7gubvxsq
j.i2p,kjxvohlsf5sdrzxzfcrmvquccnoevi6ytbl63mstsru5wt2dx3ea
jabber-2.i2p,pvnmzgemetkwcuvt45omgowmeznwk5xw3nc3ygeoz7yekqxy57na
jabber.duck.i2p,rhdzvvzraqzzm67zpyegb7knpfrjeffitixqzeyymdoz56uh2rtq
jake.i2p,v2axvy6pqefnla7gun5fmqs4lqe4xfyqovgzcundhxrpcdvfd7cq
jar.i2p,2fthkmujup3xiiu3yple24n6g4emzdiiimbuqwvpdddtsr3c4nrq
jazzy.i2p,ha5c3zafwkt6mwqwjcf4oqwvbwz473652ljjadiwrj4gfkfkjofa
jdot.i2p,kw4jr5qw4bhnj33avkwankjdh3zi7wtahlmgkjwvsv2isskkzgpq
jhor.i2p,c6rnm7oemydhuwzmhwwwxphkzanez5rnn7fkcs3lpgu6gkgtssoa
jikx.i2p,aazr55itvyns4lwppvx5njyx5tjdwemw4w6jbmpegdunznod2ieq
jisko.i2p,jxgfvr663uhr6m65hrgkscshysfshkq32ywdubc4ed7zda3e2pca
jmg.i2p,oglpnq7zungdukmk6gk5fzj5jp6wibuoihqgks453wztrwos4ggq
jnymo.i2p,nbfplxgykyfutyadlfko2rmizdsxox2pee2ahboj5mju4s3putda
jrandom.dev.i2p,htynimemonyzqmn76gworxyfkmqtsa7zcprbrd3i5cxqqm75tuzq
jrandom.i2p,dqows7dpftxxl2bd4bgcpkck6knrysdun6mtqy4ms5dxobbvg3ja
jrrecology.i2p,qxi24gpbum3w3kesuxvheyu3p5u5o6tuvoypaolub2gnvbld57xq
jwebcache.i2p,xdffxnxtjd6ji2zig3cgva7igvl2tiapyjoc7ylbzwqhxudbmvfa
k1773r.i2p,zam7u6vslhemddz347uusuzjdk5wma4h5hcmcqlng4ybbpdbjhnq
kaji.i2p,z5ic7gvm2k4doczphtrnrspl2w5sfbss2de4z3ihjijhtjw67ydq
kaji2.i2p,4lscgc6napekfx7ay5fdcjofeja4fnl7tqcd3fek63t4saavur2a
keys.echelon.i2p,mwfpkdmjur5ytq4og36ym3ychinv36b2a57f4rmgqmtrwepq3fva
keys.i2p,6qv4x7ltaxckd4vbay5s4ntqqflq4efk6oke2d5yzicqrmk443ba
keyserver.sigterm.i2p,isoxvnflrdn7cm76yjlfg5tbcugoito2hur7eidbqmo33xmwz5ga
killyourtv.i2p,aululz24ugumppq56jsaw3d7mkbmcgo7dl2lgeanvpniyk2cbrda
knijka.i2p,knjkodsakcxihwk5w5new76hibywia5zqcgoqgjttzsausnd22oa
knotwork.i2p,2yocdbcjiyfaqgxb4l6oenrrrrie6nydgmbnbfulqg7cik6bozxq
kohaar.i2p,qchpjehbhqjbxdo7w3m55jbkrtsneb7oqoxcr24qttiq6j5g3z5q
krabs.i2p,3yamyk5bgfgovg6zpvtvpdjk37ivjj2wog2w7wha5agzgxxkqaca
kuroneko.i2p,wbit2huhhwlyqp2j4undccuyrodh6qcmzdeyuaoy5o4ym7g5gdgq
kycklingar.i2p,gctswdhp4447yibxfbqg3uq2bvx63qjeqnaoaux75zw73leakyva
lazyguy.i2p,ia6xlsnygorllplx2owokahtrkospukvsmysz7i7bzw3vejc4hdq
legion.i2p,5oirascyhwfy2tr2horw6mixozsre7z6s7jfq7qbnj523q3bkebq
legwork.i2p,cuss2sgthm5wfipnnztrjdvtaczb22hnmr2ohnaqqqz3jf6ubf3a
lenta.i2p,nevfjzoo3eeef3lbj2nqsuwj5qh3veiztiw6gzeu2eokcowns3ra
libertor.i2p,7gajvk4dnnob6wlkoo2zcws7nor3gunvoi7ofalcps5lc76wruuq
library.i2p,brqqaq44vbeagesj5o3sxcnkc5yivkwouafyxa77ciu7l644ei2a
lifebox.i2p,pyqjnycm55cuxow22voqj62qysrjdnb6nbyladaiaiirqi7vp2yq
linuxagent.i2p,ap5riaikrjq2uv5qvy7klzhhqywvqi7wqscyipsewcun7w2eynlq
lists.i2p2.i2p,vmfwbic2brek2ez223j6fc6bl5mmouzqvbsch45msvyyzih3iqua
lm.i2p,yeyar743vuwmm6fpgf3x6bzmj7fxb5uxhuoxx4ea76wqssdi4f3q
lodikon.i2p,u3f67staiwhqxpacya3clmvurdwd2kp7qcthzhstqnhrmlwc2g4a
lolicatgirls.i2p,a4lzmjyba7aq7hl6okqpds7znnwymolqnr7xhvno2wraqb7uhfla
lolifox.i2p,7fd2clkiotjnaoeigdtxlkkb24eik675ovezjf67x26ysham4zca
longhorn.i2p,pohcihzxzttjclrazhs3p76wt3ih737egb5bovqb6ym3du6z3o7a
lp.i2p,jiklbujn3cbfikf4pca526jgmorx6mxhil3twqmfoteaplx6ddwq
lucky.i2p,wx36m3wnpt2y6bngdpg3ifrarvtkpwnluarx377bllpgvkuhybaa
luckypunk.i2p,y4t6cujjxnnrtln3rgmfbgbh46hic7wkef57krd7opitbgngohka
lunokhod.i2p,3yc6sp7xic4grmpfecbwuij6z3dp5kdgoo362pszaco7io42mnwa
m16.i2p,ucsr3eveuc4mx5y6gxnoaywd4ojvbel5q3ynns6s5yfw3vusmfva
mac7.i2p,3yjowssqzydciwa5zx55kazgf7q7w6g7rkocr7bngy35ii44t34q
madman2003.i2p,a2sam2xbhxbzmeyobphbxrkdwlppoerewq5qvibbyk3ftsr643qq
magix.i2p,cgfnyxv62msfynsfbv3kju22j2mt6tfnopshhmrcmpcrxyts6xwq
magnets.i2p,snz46nez6hrrpg6336neinflw56l3vwatk6bzzytwu77xmsfsoca
manas.i2p,6qolj62ikkoq6wdn3hbvcbdmlvf2rcyv432kgi5uy7mvrczmjtba
manveru.i2p,pbmbofs76wpjnxi55eqtwg4y6ltyij72o4fm4sxfjol3y57ze5sq
marcos.i2p,vpo36bsil2voqaou53zshuegssqaroa5mbrzxfmhjywlbojckalq
marshmallow.i2p,svdqd6j3y3gwryufcl4fkzpmcujgvrvphvk2oy4r7m75xs327e2q
marxists.i2p,lepah55qyp2fhuwxlz7bwrhzckn4gkuofivnofoeuyfpmke5x2hq
mattermost.i2p,x5oovnhnuli5fnwtgkbd5z5jvrvdvprqyuofywx6uoxkk4bie6ya
me.i2p,dbpegthe42sx2yendpesxgispuohjixm4bds7ts5gjxzni5nu6na
meeh.i2p,4oes3rlgrpbkmzv4lqcfili23h3cvpwslqcfjlk6vvguxyggspwa
mesh.firerabbit.i2p,3x5wokr4bjy5z3ynji4fyhvwzv4fvgry3xafi5df5h75doezjytq
messageinabottle.i2p,avfhe3kvrrv7utxn2vre65lg7damxzzsewq3vukwie4llitd254a
metrics.i2p,z45ieamhex2ihqv7oowk5fz4qq47rbvxhhhbaaiinpajbhuevtpq
mhatta.i2p,o4rsxdeepfrnncsnjq675xogp5v5qkbfgbt6ooqeyfvlifobrjxq
microbleu.i2p,mtapervgibruizniems2yyr47pin2wpysyh7m632rigl26vjc6qa
microsoft.i2p,hvaqr5idszdyrjph34amb4mjosqd3ynggoxlnj7ciqhnx7q6plza
mindisl0st.i2p,u7rnqhvsuyxd3fabm4kyzn7brgz3i3cporj2emk2jmbpcmltyf7a
mindspore.i2p,uuh5dd3y2rqa7x2jpggm4p2pg6znarm5uanwsvybe4tk36ymwr4q
modulus.i2p,ctz3o6hdefrzwt3hlg6rjhdcbjk6irppbndq32u6jnn4lz72f62a
monerotools.i2p,5bal7dngxde2ddmhuzbtfken6w5nmxmixtjlrlmxt3wbhnemv73q
monerujo.i2p,puri6y5dtwh6zr4u77ep6ozatun6iz7v4wai2dzxppz7654corlq
morph.i2p,iovyp2dao5rta6g5v6hke2s4ugx2btkpcljddak2yhxfrx3l4dqa
mosbot.i2p,5bhmrp43mjwlzf4x64xgdrkwmw4luvng6eq5waa663a7vnkp732a
mosfet.i2p,s5ynkgagndmpxpf2kmnenv4x72io664gzd2x3qef54ilammnte3q
moxonom.i2p,gcjdrvnlobgexh7ebv276pwmnoj3yoyaqm3w4vmmdha4lgxfinqq
mp3.aum.i2p,n7bmu5dwux7f6gedmdik6zrm77bnls4lkzo2vo3bf4bwegk7vkjq
mp3.tc.i2p,w3ied5s7ldjcvnhxu2gyofe3oogzbplkyxshzfkhspiy2526snsa
mpaa.i2p,m6cqnglo7xlytwxkdsmwf3d23d6lq5r446c3tktb2tdmuah36zya
mrbamboo.i2p,tmpmkx6wlbbrgsnexrqlrib7laoegpbfeop7bnyezegii7hecpxa
mrflibble.i2p,u7k2qcmkrril6yvudvwxjqz7k3dzgp3jdejjjeapej7liselj3eq
mrplod.i2p,fjn5hxtybxyfyvdf6u5v5seg2sjd47hb5by6sa6ais4w3xnrxwyq
mtn.i2p,xisk3h6sku3iqj52uriogaajmnku7pwjux7wa4omx2zloamuw6eq
mtn.i2p-projekt.i2p,f52x5fp6uhq53f5zle5d6rq5un34xgmxgazvilvmzcby37xcmsfa
mtn.i2p2.i2p,l6kuhtmgvbp57d7jwalj5nksi6nr4gfzbz4oit62lxgipb3llt5a
mtn.meeh.i2p,h7ylrsuzzynrxp3jql7anoozyqblavj7eqces6o3wngvuuxhs2la
mudgaard.i2p,yz32lk42gtoesknesfolq3tt4erxxcejcote5pontaeqev3bj2kq
mush.zeit.i2p,dk3sg23kljawxqp3cb6xz5mnzjlyckzvq5jhqs5gnvdsv7wqn6ha
music.i2p,akamh76yi6p7xxbvl3qv3yhaockne57yfuh77acogbgpjmwypvia
mysterious.i2p,p66g2a4nzfkvidd3l7nwphcnfa3ttyu5kiolcb4czec2rn2kvwsq
mywastedlife.i2p,ceumy3puvvsrru5bmfmtgsajsx5qyehqac7l7a23xpwtfs2bvcgq
nacl.i2p,bm2fib3tumer72lopjh4nmqomwvqu2sdfyb2hmr6lnk7jbw3vvia
nano.i2p,ex5ssv7s3hj6jp7hvadxfw3wvbjbvnczxr4pbk7qw26ihiorjmba
nassai.i2p,v653cocvn3i6bgjdm3ciwbdnu32supglv6gn4fh23bohemsp545q
neodome.i2p,5hkhjehj3ct2pvcah7dcylwef2oti3xij5myxbv3pd7rocio5vkq
news-i2pn.i2p,wwcqkwfo5yhe6uribv5tzylk25j5hkdk6gdnyftzd3k7dawlzwca
news.neodome.i2p,trhwcnygfkeqjj6g4xhmrdp4gsjqsye47lsxshbmwbten4ywt5oq
news.underscore.i2p,rl7t3kspoktuatjcu7gf7xleu7y6biibs4fspzo24kll6n7hbq4q
newsbyte.i2p,gsk3rgsejxxrfabjxu5w5plplxsu47aoeoke22vvhlwwllzosnxq
nibble.i2p,jmdxcpdzqafedn3clc4y7u6o56qocfiffrzbzncmtggqtio5qjpa
nic.i2p,vzu5ymab6klevpcdudv4ypisjqaznmt44e6lcg7dwiuza4saibxq
nickster.i2p,zkwsa6kvq2wdhovw5g5wqakpb7rlaylyhfriwmurots5pvwbqauq
nickster2.i2p,eofzi7npzpk4p5gb4qper4hmwgxo6kepo3dheeblakewedxj2bwq
nickyb.i2p,gmpxk4tje7mnud32kg2kjmf36f6cpwqakzc2dxuzjnnz4qr5w4sa
nightblade.i2p,p4gkon7ytswxrbwkl7vruw6mg7kfw5aofovqjgt4c7tnqmbq6lha
ninja.i2p,q6dg6hlb3egzdqz352ri5rc4fx4gcrdeu3tpiyfxlv73yfjgrhya
nm.i2p,3itdpqzyn3ii7sivppo4sxxwhvgtpskzkbokrdibim6gqpvlw5ya
nntp.baffled.i2p,kc6muo2tih5mttbpzecteegvtonuysjidk3emcy4cm4yifzild2a
nntp.duck.i2p,gvzzor4utsqxswvf6jaglfks7yxudlz2s326ftrk56i4lpd2s47q
nntp.fr.i2p,npoztnqadfnu4vrokoh6rusoi3yne47s6jurc3lzhcrzzia5eqva
nntp.i2p,wwdzmeyler4djegvyt2bxmkwrckfgg3epkkwowyb75s47he6df6q
no.i2p,lpsg4x4gdrf7antxcdy47cl6abcqei5ommgzt55retq7go5ku3ba
noname56.i2p,oiyoslismzyxuw7ehxoigmtkdj35idim6flmlplddxuiiif6msfa
nop.i2p,ssag45lathm4gqp46si7c4w4tioyvjpcza5uvz5x2zuljnplylca
normal.i2p,j5fex634r2altzb3kjvu35qekt2r3hgsqzg5qxoy7dp53heu5pma
normanabcd.i2p,si2vh43gvxjnw2shwr24j76xyanow4oa6gbu4idookbraoxl3s3a
nothingburger.i2p,tesfpn757ysc7nih7mxher2b3jstkc3l5fhfcyb5kxhzhvv52trq
nothingspecial.i2p,wzrwqrp52bilqijrlboclynuev4kzpjzfzlvzl5aqxqt5fdnpbga
novospice.i2p,ukqap24nwac4gns77s4zy7j5cagt7l7syb5zo7eukfg3zn5gg5qq
nsa.i2p,nsetvbclpomqxfcit4mghn6z7vdhnza6jdzczby4crnto32uykga
nvspc.i2p,anlncoi2fzbsadbujidqmtji7hshfw3nrkqvbgdleepbxx3d5xra
nxt-wallet.i2p,33pp74k4ivy67z332qpyl3qlcqmi6gxqumrow4bldkblxxlxqq5a
obmen.i2p,vodkv54jaetjw7q2t2iethc4cbi4gjdrmw2ovfmr43mcybt7ekxa
obscuratus.i2p,i4j37hcmfssokfb6w3npup77v6v4awdxzxa65ranu34urjs4cota
ogg.aum.i2p,wchgsx6d6p3czloeqvna2db5jr7odw4v4kqrn4gr4qiipfyrbh5q
ogg.baffled.i2p,tfbvj2xal6lcuxv3hzuw7cw4g3whguombcv2zuotzvul4qtrimgq
ol.i2p,bnb46culzbssz6aipcjkuytanflz6dtndyhmlaxn3pfiv6zqrohq
onboard.i2p,qwlgxrmv62mhdu6bgkh4ufnxowxsatfb6tbs2zr666qyunwqnecq
onelon.i2p,irkvgdnlc6tidoqomre4qr7q4w4qcjfyvbovatgyolk6d4uvcyha
onhere.i2p,vwjowg5exhxxsmt4uhjeumuecf5tvticndq2qilfnhzrdumcnuva
oniichan.i2p,nnkikjorplul4dlytwfovkne66lwo7ln26xzuq33isvixw3wu3yq
onionforum.i2p,yadam2bp6hccgy7uvcigf5cabknovj5hrplcqxnufcu4ey33pu5q
ooo.i2p,iqp5wt326fyai5jajsa3vkkk5uk56ofn4anocgpe5iwlpisq6l7a
opal.i2p,li5kue3hfaqhhvaoxiw2ollhhkw765myhwcijgock5rs4erdqdaa
open4you.i2p,ice6ax5qrzwfwzsy64bctffj6zlzpuzdr5np65zsxlbt7hztyc6a
opendiftracker.i2p,bikpeyxci4zuyy36eau5ycw665dplun4yxamn7vmsastejdqtfoq
openforums.i2p,lho7cvuuzddql24utu7x6mzfsdmxqq7virxp5bcqsxzry2vmwj5q
opentracker.dg2.i2p,w7tpbzncbcocrqtwwm3nezhnnsw4ozadvi2hmvzdhrqzfxfum7wa
orion.i2p,5vntdqqckjex274sma3uqckwqep2czxs5zew25zlntwoofxk3sga
orz.i2p,oxomqkekybmyk6befjlouesit5mhstonzvzd2xnvsk7i6uyrqsfq
os3.i2p,s7x4ww5osrrfein3xgwyq67wnk6lgliw4mzt7shtu66wrb2zdojq
osiristomb.i2p,t3slf77axkv3qm7c3gzpv3jgmkraoqqe2bojr6h66eipibofsyzq
ot.knotwork.i2p,cxhvvfkbp2qbv5qojph7zb46molpe2ffanghnerjag3xdmy6ltxq
outproxy-tor.meeh.i2p,77igjr2pbg73ox5ngqy5ohzvrnur3ezqcogtl4vpuqtrcl3irsqq
outproxy.h2ik.i2p,nwgvfpfarpnyjjl4pwsxr2zdsppcx5we3kos2vlwicbiukopgaza
outproxyng.h2ik.i2p,v32zse2zczzgegelwxbx7n5i2lm2xhh2avltg76h6fz5tb53sfxq
overchan.oniichan.i2p,g7c54d4b7yva4ktpbaabqeu2yx6axalh4gevb44afpbwm23xuuya
p4bl0.i2p,lkgdfm4w6e2kkjhcdzr4ahhz26s3aunhrn6t2or436o73qh4z7ga
pants.i2p,xez3clscjfafkqwk6f473ccp3yvac4kh6rdp6dptwxa2lhixizgq
papel.i2p,mxskjqntn2d34q4ovsnd5mud7cgde734tdjldd3lt4hczh2645zq
pasta-nojs.i2p,dkkl3ab6iovxfqnp44wsjgqaabznvu7u3hugpzyagbeqlxgvx3la
paste.crypthost.i2p,2zaj4u4s4l3lgas2h5p6c6pvzr2dckylkrh5ngabursj4oh25ozq
paste.i2p2.i2p,b2gizskfea4sjxlw6ru2tb6kdrj47dsjc77cijsf5mzh4ogbmfvq
paste.r4sas.i2p,csen43keji3qiw6uobsgzysxyjd225g6446ylq5uuz6ur2glkzaa
pastebin.i2p,mnicncxrg2qqi55qftigiitaheugnj4rpysbk7zabdrirgktelqa
pastethis.i2p,erkqiwnjl7vtysqd3wvddv6tfvnhswarqkbn4blhdlhfxn7cf2ha
pdforge.i2p,wzeg3ehf6d2mqjqji3sd3rns776thvhe2vam2r6gjlmsqis2dctq
perv.i2p,f3k3wm4ae7t7ottfjd4hu6is7zsls73izl2gm2qynzficxcdsiwq
pgp.duck.i2p,wujajyxj3cgsfsbtr3g7g7npv5ft3de6pcstxlav26zq6cxdjmha
pharos.i2p,vathk2pyvaskeie63yyg4tshjkx5xt6zfvhwhgr3de67q46ob3sa
pharoz.i2p,vathk2pyvaskeie63yyg4tshjkx5xt6zfvhwhgr3de67q46ob3sa
phonebooth.i2p,noxia7rv6uvamoy2fkcgyj4ssjpdt4io6lzgx6jl6wujpufxedrq
photo.i2p,fqhuy77ugd5htnubzkyy5guvwboqn6goahtmn2g7feewvdj7k3iq
piespy.i2p,vzusfjzcu5ntnvobcvyzc4dcu4j6ommtnpmba2puk3kexgdzrl7a
pisekot.i2p,7yzdwhy723fodqz4onp6k3nyvixra2sa6dl45tcblhmyoa7i36nq
pizdabol.i2p,5vik2232yfwyltuwzq7ht2yocla46q76ioacin2bfofgy63hz6wa
planet.i2p,y45f23mb2apgywmftrjmfg35oynzfwjed7rxs2mh76pbdeh4fatq
plugins.i2p,wwgtflbaa7od2fxbw4u7q7uugmdclxf56alddvizugwcz5edjgia
polecat.i2p,het5jrdn35nhkanxmom5mjyggyvmn2wdj2agyqlrv4mhzhtmavwq
politguy.i2p,6dkkh3wnlwlr6k7wnlp4dbtf7pebjrph5afra2vqgfjnbihdglkq
pomoyka.i2p,omt56v4jxa4hurbwk44vqbbcwn3eavuynyc24c25cy7grucjh24q
pool.gostcoin.i2p,m4f4k3eeaj7otbc254ccj7d5hivguqgnohwelkibr4ddk43qhywa
pop.mail.i2p,bup6pmac7adgzkb5r6eknk2juczkxigolkwqkbmenawkes5s5qfq
pop.postman.i2p,ipkiowj7x4yjj7jc35yay3c6gauynkkl64gzzyxra3wmyhtfxlya
pravtor.i2p,2sr27o5x2v2pyqro7wl5nl6krrsbizwrzsky5y7pkohwh24gn6xq
pris.i2p,ahiwycgzuutdxvfqu3wseqffdnhy675nes57s4it2uysy5pxmz6a
project-future.i2p,ivqynpfwxzl746gxf376lxqvgktql2lqshzwnwjk2twut6xq7xta
projectmayhem2012-086.i2p,ehkjj4ptsagxlo27wpv4a5dk4zxqf4kg4p6fh35xrlz4y6mhe4eq
protokol.i2p,f4xre35ehc5l6ianjvt3zcktxkjlyp2iwdje65qnu2j6vurhy6nq
proxynet.i2p,7gar5a3n4hzvsgi73iizo65mjza4kujf7feopfxuwu5p6wtwog5a
psi.i2p,avviiexdngd32ccoy4kuckvc3mkf53ycvzbz6vz75vzhv4tbpk5a
psy.i2p,s3elzoj3wo6v6wqu5ehd56vevpz2vrhhjc5m6mxoazicrl43y62q
psyco.i2p,eoilbrgyaiikxzdtmk2zeoalteupjrvcu3ui23p4wvfqo25bb73q
pt.hiddenanswers.i2p,o5jlxbbnx3byzgmihqye3kysop5jgl3unsrkmurbtr2nrnl2y74a
ptm.i2p,7dna5745ynxgogpjermnq26hwrqyjdlsibpjfmjxlwig247bjisa
ptt.i2p,q7r32j7lc3xgrcw2ym33wv4lfgqbez7vtm4lts7n34qfe3iygeha
pull.git.repo.i2p,3so7htzxzz6h46qvjm3fbd735zl3lrblerlj2xxybhobublcv67q
push.git.repo.i2p,jef4g5vxnqybm4zpouum3lzbl6ti6456q57nbyj5kfyldkempm3a
pycache.awup.i2p,w45lkxdnqhil4sgzanmxce62sv3q4szeowcjb2e72a5y5vbhm4ra
r4sas.i2p,2gafixvoztrndawkmhfxamci5lgd3urwnilxqmlo6ittu552cndq
radio.r4sas.i2p,cv72xsje5ihg6e24atitmhyk2cbml6eggi6b6fjfh2vgw62gdpla
ragnarok.i2p,jpzw6kbuzz3ll2mfi3emcaan4gidyt7ysdhu62r5k5xawrva7kca
ransack.i2p,mqamk4cfykdvhw5kjez2gnvse56gmnqxn7vkvvbuor4k4j2lbbnq
rasputin-sucks.i2p,fdozdbyak4rul4jwpqfisbkcx4xbrkuvf2o5r6fd3xryyrjgvjiq
rebel.i2p,nch2arl45crkyk6bklyk2hrdwjf5nztyxdtoshy6llhwqgxho5jq
red.i2p,fzbdltgsg7jrpz7gmjfvhpcdnw5yrglwspnxqp4zoym3bglntzfa
redpanda.i2p,3wcnp6afz4cikqzdu2ktb5wfz7hb3ejdbpn7ocpy7fmeqyzbaiea
redzara.i2p,ty7bt62rw5ryvk44dd3v5sua6c7wnbpxxqb6v4dohajmwmezi7va
reefer.i2p,4cde25mrrnt5n4nvp5tl62gej33nekfvq2viubmx4xdakhm5pfaa
relatelist.i2p,utrer5zgnou72hs4eztmk37pmzdtfw3d6s23wwl7nk3lkqpzbdiq
repo.i2p,uxe3lqueuuyklel23sf5h25zwgqgjwsofrqchhnptd5y6pedzbxa
repo.r4sas.i2p,ymzx5zgt6qzdg6nhxnecdgbqjd34ery6mpqolnbyo5kcwxadnodq
reseed.i2p,j7xszhsjy7orrnbdys7yykrssv5imkn4eid7n5ikcnxuhpaaw6cq
retrobbs-nntp.i2p,fkyzl24oxcxvjzkx74t3533x7qjketzmvzk6bwn3d6hj5t7hlw6q
retrobbs.i2p,mnn77stihntxdoade3ca2vcf456w6vhhvdsfepdvq5qggikvprxq
retrobbs2.i2p,ejff7jtyaus37slkwgeqrrcmyhpj26carp7n27f5h6s5vlbeiy6q
revo-ua.i2p,hpojpumki22xjwhmhe6zkiy44oanyn7u4ctcfe3in2ibwm5l32hq
riaa.i2p,lfbezn7amkzhswnx7lb4lxihyggl2kuqo5c7vwkcv6bwqmr4cuoa
rideronthestorm.i2p,xrdc2qc7quhumhglpbcuiqxr42nuffv4xj4a73jbr4ygepitibqq
romster.i2p,eaf2stdqdbepylt53egvixdi34g2usvgi7a4oixsja6atkran43a
rootd.i2p,mzbe5wofwn7eaqq4yefrmxizqaxoslwqxrv5qcv2opx5lnhg64dq
rospravosudie.i2p,z55khrnlj6bzhs5zielutm6ae6t2bbhfuiujwlrp3teubqyc4w7q
rotten.i2p,j4bm3rvezlejnb44elniagi5v2gazh7jaqrzhbod2pbxmgeb2frq
rpi.i2p,56p5qxsrvo5ereibevetw2qbj5bronmos7wxunku27g2s4kpbnlq
rslight.i2p,bitag46q3465nylvzuikfwjcj7ewi4gjkjtvuxhn73f6vsxffyiq
rsync.thetower.i2p,w4brpcdod7wnfqhwqrxyt4sbf2acouqfk5wyosfpq4mxq4s35kqa
ru.hiddenanswers.i2p,o6rmndvggfwnuvxwyq54y667fmmurgveerlzufyrhub6w3vkagva
ru.i2p,m7fqktjgtmsb3x7bvfrdx4tf7htnhytnz5qi2ujjcnph33u3hnja
rufurus.i2p,7msryymfdta3ssyz34qur6gi4jyfkvca5iyfmnceviipwu7g2wca
rus.i2p,gh6655arkncnbrzq5tmq4xpn36734d4tdza6flbw5xppye2dt6ga
ruslibgen.i2p,kk566cv37hivbjafiij5ryoui2ebxnm7b25gb3troniixopaj6nq
rutor.i2p,tro5tvvtd2qg34naxhvqp4236it36jjaipbda5vnjmggp55navdq
salt.i2p,6aflphlze6btsbez5cm4x53ydrmwhqrkxsud535d3qjh4wq62rxq
sasquotch.i2p,p6535uyfk2y6etc3t47vd3oqxydznqior5jxcvq5bdxe5kw5th6q
schwarzwald.i2p,4gokilzy73mmudufy3pohgatm42fcstx7uzg5hjvnfyphxpnphuq
sciencebooks.i2p,ypftjpgck75swz3bnsu4nw7rmrlr2vqsn4mwivwt3zcc3rxln5cq
scp.duck.i2p,ghbpsolpnveizxu4wbs7jbs2vj3kntnsexfcdleyhpqdhfpxleda
search.i2p,nz4qj6xaw5fda3rsmsax6yjthqy4c7uak2j3dzcehtkgyso4q46q
secretchat.i2p,cl3j2zxhpw6u6jevny45i557ojhwfxn4g375nnuqhy6lp27mry2q
secure.thetinhat.i2p,4q3qyzgz3ub5npbmt3vqqege5lg4zy62rhbgage4lpvnujwfpala
seeker.i2p,ipll7sit24oyhnwawpvokz5u7dabq6klveuqpx3sbi6o5qemy2bq
seomon.i2p,5mvpsy4h45w4fx7upen7ay3vkrs5klphz5nptmtcqvc3fsajsm4q
septu.i2p,5lqvih7yzbqacfi63hwnmih57dxopu5g2o5o4e2aorq7bt4ooyra
serien.i2p,3z5k3anbbk32thinvwcy4g5al7dmb75fagcm3zgh4rzrt3maphda
ses.i2p,5qfoz6qfgbo7z5sdi26naxstpi2xiltamkcdbhmj6y6q2bo4inja
shiftfox.i2p,wpvnuzslu7hjy4gujvnphtyckchdoxccrlhbyomsmjizykczyseq
shoieq3.i2p,3fjk4nfk3mccch4hdreghnyijcvovsi3yucjz3qzj5sxngqk5j6q
shoronil.i2p,7shqzgmb6tabiwrnwlasruq7pswy2d3emvfhaitehkqgod7i62sa
short.i2p,z5mt5rvnanlex6r3x3jnjhzzfqpv36r4ylesynigytegjmebauba
sion.i2p,lcbmmw2tvplvqh2dq5lmpxl3vnd5o4j3bdul5moa23deakjrso5q
sirup.i2p,aohdp4yajnkitrtw7v2mo3sp7swuqhjfwlsi5xwd7dudzftumsma
site.games.i2p,zeuczucfxeev3k7tvqlfcdpfbnqggheiknyyb5r2q4utn3d2auja
skank.i2p,qiii4iqrj3fwv4ucaji2oykcvsob75jviycv3ghw7dhzxg2kq53q
slack.i2p,gfcsh2yrb2tx7hyvmobriv52skz7qoobn7n7y7n6xaehhh4rpbja
slacker.i2p,wq7m2wdguzweleb666ygv3bmfhha63zj74rub76vfesbyhsyk6iq
smeghead.i2p,ojf4czveeuekxqkjvkszvv7eiop5dg7x2p6rgfzl4ng4xrjk6lja
smtp.mail.i2p,kdn7zx7fgoe4bn5abaaj5cb3e4ql22fklb5veui5yajpj4cxapya
smtp.postman.i2p,jj7pt6chsziz6oxxnzpqj7mzhxm2xfhcrbh7dl3tegifb577vx5q
socks1.tor.i2p,sifawcdexgdmoc3krv46pvvz74nzd6fkju2vzykjxsx3egqsb6wq
sonax.i2p,jmuxdhlok5ggojehesfjlit2e2q3fhzwwfxjndts7vzdshucbjjq
sponge.i2p,o5hu7phy7udffuhts6w5wn5mw3sepwe3hyvw6kthti33wa2xn5tq
squid.i2p,r4ll5zkbokgxlttqc2lrojvvey5yar4xr5prnndvnmggnqzjaeoq
squid2.i2p,hum4wlwizbsckbudcklflei66qxhpxsdkyo4l2rn256smmjleila
sqz.i2p,3jvbwc7sy4lnhj25nj7yepx7omli4ulqirnawv3mz6qlhgokjgzq
ssh.i2p,xpvdadaouc4qr75pteymyozc7mcsynjfkuqqkkla542lpcsqionq
stasher.i2p,6ilgpudnba4kroleunc2weh5txgoxys5yucij5gla6pjyki4oewa
stats.i2p,7tbay5p4kzeekxvyvbf6v7eauazemsnnl2aoyqhg5jzpr5eke7tq
status.str4d.i2p,ycyyjo3psqbo45nuz243xvgvwnmzlanzqbzxv3kh6gyjztv7425q
sto-man.i2p,rg4eilfpe24ws6nctix63qw2dlvd2tqgwdcgdxzji6l5bc4dc7aa
str4d.i2p,wrrwzdgsppwl2g2bdohhajz3dh45ui6u3y7yuop5ivvfzxtwnipa
stream.i2p,prmbv3xm63ksoetnhbzqg4nzu2lhqdnqytgsydb7u3quxfrg7rna
streams.darkrealm.i2p,ud3gcmvysjch4lbjr2khmhqpf7r2x5if4q43xkqdptl4k7lc4muq
striker.i2p,4gswsrfpbd44hwjoj33jbqfbwzxfkwpuplb3ydq5zm7nfu2pxvdq
subrosa.i2p,g3lnglrnoual7wyabnwwv37uwhadgbxiqz36pf3f5cwfuxsx4mxq
subterra.i2p,vdmhe4u26unzgd7ysq6w36ubjncms5wzbhzr2gq576sq4xut5zwq
sugadude.i2p,yzjn76iyqard64wgggfrnywkxi7tbfkw7mjhpviqz3p2dguey4yq
suicidal.i2p,yfamynllow5xiqbbca7eh5xn733wtnuti5bi4ovc7dwycntqmiuq
sungo.i2p,h67s3jw56rwfyoxqxj3fngrluybsgxc2meendngkehzqowxnpj3q
surrender.adab.i2p,jgz7xglgfgnjfklrytyn427np2ubipztlm5bxrtbiucayglukrta
susi.i2p,qc6g2qfi2ccw7vjwpst6rwuofgzbeoewsb2usv7rubutf4gzqveq
syncline.i2p,5kcqmhislu3lmr7llgmdl72yu3efhyriljdc6wp774ftpwlcs5ra
syndie-project.i2p,xa63tpfoaqt3zru2ehxjjfbpadwj4ha6qsdvtcqtyr3b7hmt4iaq
syndie.echelon.i2p,vwrl2qmcif722fdkn3ldxcgz76df5cq4qypbndzthxwgmykyewta
syndie.i2p,7lm3yzpuejhpl4tt4l7o4ndqlu7hgijohofh7oaydx7q7kelenbq
syndiemedia.i2p,4lrbbblclodhobn3jadt5bf2yab2pxzoz4ey4a2cvrl44tdv3jma
tabak.i2p,y5o2vwb6kart7ivpnbpk4yte3i7kf2dsx7fy3i6w7htqtxhmbzia
tahoeserve.i2p,yhs7tsjeznxdenmdho5gjmk755wtredfzipb5t272oi5otipfkoa
tc.i2p,qkv2yk6rof3rh7n3eelg5niujae6cmdzcpqbv3wsttedxtqqqj7a
telegram.i2p,i6jow7hymogz2s42xq62gqgej2zdm4xtnmpc6vjcwktdxpdoupja
templar.i2p,zxeralsujowfpyi2ynyjooxy222pzz4apc2qcwrfx5ikhf64et7q
terror.i2p,wsijm6aqz4qtuyn2jedpx6imar5uq4yuhjdgtfqumxbqww47vbnq
thebland.i2p,oiviukgwapzxsrwxsoucpqa47s3wt6nfuhfjxvgbqsyrze2mwrda
thebreton.i2p,woutbsflcrlgppx4y7ag2kawlqijyenvlwrhbbvbkoaksuhf2hkq
thedarkside.i2p,fxt3z33nzkrg5kjrk7bp5vvmu7w2vsn4i6jo6cily3hsm6u664ca
theland.i2p,26ppxbseda6xmim37ksarccdb4q5ctdagfmt2u5aba6xjh452zsa
thetower.i2p,3xqa5nype64y6fxgqjq6r5w2qpiqftoraj2niebumseat4cj654a
thornworld.i2p,vinz4ygmodxarocntyjlfwk2wjpvzndlf4hxss2w2t3fk52oplva
tino.i2p,e4bfnhvaofu4s67ztcgiskos2mqyhskid64dvlqexxs2c2bno3iq
tinyurl.i2p,mc4oxv3v7dnyzpvok7v5qxkwtgjprgyz6w7x3tag4fipsen6rdwa
tome.i2p,qktkxwawgixrm5lzofnj5n24zspbnzxy4pvjm7uvaxvmgwrsuvgq
tor-gw.meeh.i2p,ounrqi7cfemnt66yhnhigt2u27fkctbvct527cp2522ozy3btjza
tor-www-proxy.i2p,xov45rvjks5fe4ofmpblkj23bnwxgslbypbgvchbr7yul2ujej2q
torapa.i2p,eejqjtpko6mdd4opvntbpsuandstrebxpbymfhix7avp5obrw5ta
torrentfinder.i2p,mpc73okj7wq2xl6clofl64cn6v7vrvhpmi6d524nrsvbeuvjxalq
torrfreedom.i2p,nfrjvknwcw47itotkzmk6mdlxmxfxsxhbhlr5ozhlsuavcogv4hq
trac.i2p,kyioa2lgdi2za2fwfwajnb3ljz6zwlx7yzjdpnxnch5uw3iqn6ca
trac.i2p2.i2p,i43xzkihpdq34f2jlmtgiyyay5quafg5rebog7tk7xil2c6kbyoa
tracker-fr.i2p,qfrvqrfoqkistgzo2oxpfduz4ktkhtqopleozs3emblmm36fepea
tracker.awup.i2p,dl47cno335ltvqm6noi5zcij5hpvbj7vjkzuofu262efvu6yp6cq
tracker.crypthost.i2p,ri5a27ioqd4vkik72fawbcryglkmwyy4726uu5j3eg6zqh2jswfq
tracker.fr.i2p,rzwqr7pfibq5wlcq4a7akm6ohfyhz7hchmy4wz5t55lhd7dwao5q
tracker.i2p,lsjcplya2b4hhmezz2jy5gqh6zlk3nskisjkhhwapy3jjly4ds5q
tracker.lodikon.i2p,q2a7tqlyddbyhxhtuia4bmtqpohpp266wsnrkm6cgoahdqrjo3ra
tracker.mastertracker.i2p,tiwurhqvaaguwpz2shdahqmcfze5ejre52ed2rmoadnjkkilskda
tracker.postman.i2p,jfcylf4j3gfmqogkltwy7v5m47wp4h7ffrnfsva6grfdavdn7ueq
tracker.psi.i2p,vmow3h54yljn7zvzbqepdddt5fmygijujycod2q6yznpy2rrzuwa
tracker.thebland.i2p,s5ikrdyjwbcgxmqetxb3nyheizftms7euacuub2hic7defkh3xhq
tracker.welterde.i2p,cfmqlafjfmgkzbt4r3jsfyhgsr5abgxryl6fnz3d3y5a365di5aa
tracker2.postman.i2p,ahsplxkbhemefwvvml7qovzl5a2b5xo5i7lyai7ntdunvcyfdtna
traditio.i2p,wkpjjloylf6jopu2itgpktr45t2xvpjijxilxd5tq4i7wkqgwhhq
trevorreznik.i2p,wc2z6o5fxm2saqzpfcawr63lejwccvzkysmgtfudkrigqopzfdma
true.i2p,pdilhl5vmefyzrrnmak5bnmxqxk2pmw7rpy4f7wbaeppqu2vvugq
trwcln.i2p,evml6jiiujhulsgxkdu3wcmkwbokxlv4is6w5qj46tp3ajz3hqzq
trypanom.i2p,tgv5acj4khwvr6t44cmryohybd2e5o2kndysnzae6qwcr4hzda3q
ts.i2p,nebcjgfx3f7q4wzihqmguwcdeopaf7f6wyk2dojw4bcuku472zxq
ttc.i2p,wb4tsfyvfv4idgrultsq6o7inza4fxkc7dijsfpncbx7zko4cdlq
ttp.i2p,uuczclxejmetohwf2vqewovx3qcumdfh5zecjb3xkcdmk6e5j72a
tumbach.i2p,u6pciacxnpbsq7nwc3tgutywochfd6aysgayijr7jxzoysgxklvq
tutorials.i2p,zy37tq6ynucp3ufoyeegswqjaeofmj57cpm5ecd7nbanh2h6f2ja
ugha.i2p,z3f3owc72awbywk4p6qb5l2mxgitvs6ejztggbpn2a3ddmymfjda
uk.i2p,vydbychnep3mzkzhg43ptewp242issy47whamfbxodc4ma6wc63a
underground.i2p,dlnuthb6tpw3kchlb7xoztyspy4ehlggjhl44l64vbcrulrfeica
underscore.i2p,3gmezyig6gvsjbpkq2kihoskpuqpkfrajmhhm7hpyrjuvtasgepa
unqueued.i2p,3gvn4kwd7z74jxc2sn4ucx52dpvpscxbzjluux3ul4t3eu5g64xq
up.i2p,25it5olgdo7pht25z6buzd32sw7jvc65oziqeuocfozfhgua655q
update.dg.i2p,iqj6ysfh3wl26m4buvyna73yhduifv523l7bwuexxak4mgldexja
update.killyourtv.i2p,gqdfg25jlqtm35qnmt4b7r53d6u2vep4ob23fwd42iyy4j6cvdqq
update.postman.i2p,u5rbu6yohfafplp6lgbbmmcuip34s7g3zqdd63cp27dl3nbd7gtq
utansans.i2p,u2oyre7ygqv4qs5xjjijfg3x7ddwtod6nqwgbomuuzljzvnq4rda
v2mail.i2p,4gg7fykcqe7oaqt4w5fmlarnia7vtmwkv3h45zzgoj6o6crryg5a
vadino.i2p,aalttzlt3z25ktokesceweabm5yyhhvml2z3rfotndgpfyh6myra
visibility.i2p,pwgma3snbsgkddxgb54mrxxkt3l4jzchrtp52vxmw7rbkjygylxq
volatile.i2p,q6rve733tvhgyys57jfw4fymqf3xsnza6dqailcdjcq7w4fa5m3a
vpnbest.i2p,ov5f74ndsy5rfkuyps56waf42vxncufqu5rzm3vsnxkdtogccaea
vudu.i2p,3zlwci7pvgep2igygzyjej24ue7mjsktlhaff6crpsr75yquak2q
w.i2p,j2xorlcb3qxubnthzqu7lt4fvxqn63it4ikwmze55yjkzeeampuq
wa11ed.city.i2p,7mxwtmala3ycg2sybjwwfil7s6dqck2fbemeutghhwu73rznmqoa
wahoo.i2p,vqe5vkpe5wbda7lwekcd2jaj44ar3rawgv54u5rcolezbg5f5vwa
wallet.gostcoin.i2p,reuvum7lgetglafn72chypesvto773oy53zumagrpigkckybrwda
wallsgetbombed.i2p,tzhea5d65fllm4263wztghgw4ijdgibsca5xsecp6lk4xlsbdeuq
web.telegram.i2p,re6cgwg2yrkgaixlqvt5ufajbb3w42fsldlq7k5brpvnd5gp6x5a
wiht.i2p,yojmpj3sh76g3i6ogzgsf7eouipdgdij5o2blcpdgmu5oyjk5xca
wiki.fr.i2p,lrqa7hw52uxjb5q3pedmjs6hzos5zrod4y6a4e25hu7vcjhohvxq
wiki.ilita.i2p,r233yskmowqe4od4he4b37wydr5fqzvj3z77v5fdei2etp2kg34a
wintermute.i2p,4gvlfrdy2rkmem33c342tjntpvqik65wekcvm4275qbkuwotoila
wspucktracker.i2p,ubd2txda3kllumx7ftg4unzgqy536cn6dd2ax6mlhodczfas7rgq
www.aum.i2p,3xolizygkzkqrldncjqsb734szznw2u36lliceuacqnbs2n65aeq
www.baffled.i2p,lqrsfslwu4xnubkk2hofhmuvvr4dia2zevxefinbzdsjurvehtqq
www.fr.i2p,rmkgvlfwo3vkb3xrr6epoypxasdzzuilv3sckcqbo6c4os5jo2ea
www.i2p,ojxyenivrrqvycgbxbm3phgisu5abspzq4g2us4fjlwz4tx222va
www.i2p2.i2p,rjxwbsw4zjhv4zsplma6jmf5nr24e4ymvvbycd3swgiinbvg7oga
www.imule.i2p,657xcllunctawyjtar5kgh3wpt6z4l7ba6mmam5rf7hev5w2lsvq
www.infoserver.i2p,fq7xhxkdcauhwn4loufcadiiy24zbei25elnup33a3gfrdzrtlyq
www.janonymous.i2p,vosqx5qw22hwrzcgsm4ib7hymf5ryovsbtaexqrzmnzshy5bhakq
www.mail.i2p,nctas6ioo7aaekfstv3o45yh6ywzwa3vznrdae52ouupzke5pyba
www.nntp.i2p,kly3o7zmetuwyz7xonnhttw4lj2244pkbibjz26uflyfte3b3dka
www.postman.i2p,rb3srw2gaooyw63q62cp4udrxxa6molr2irbkgrloveylpkkblhq
www.syndie.i2p,vojgy5ep4wffmtpjmpnbpa4gq64bgn4yicuw6qmhbm6nqa2ysrva
www1.squid.i2p,vbh3bltd2duwbukafgj6f6vfi6aigwso7snucp5zohnf66a2hkpa
xc.i2p,mt45a2z3sb2iyy2mwauj4rwa2lwu4peanfy6gx6ybidwnbasusyq
xeha.i2p,oartgetziabrdemxctowp7bbeggc7ktmj7tr4qgk5y5jcz4prbtq
xilog.i2p,eoc5i5q52hutnmsmq56edvooulutaxfikddgdz27otmgtsxmiloq
xmpp.crypthost.i2p,ittkqpjuliwsdewdugkhvgzstejr2jp5tzou7p332lxx4xw7srba
xmpp.rpi.i2p,3yv65pfwiwfuv4ciwtx34clqps6o2mc3vtyltcbqdkcki6untbca
xn--l2bl5aw.i2p,d2epikjh5crt2l5xjmtceqw2ho44hzp6x3u7hgjrd4mi4wywikwa
xolotl.i2p,rwr6rrlmrotxfkxt22mah42cycliy2g5k7hgxyxkpcyyxkd2bgwq
xotc.i2p,gqgvzum3xdgtaahkjfw3layb33vjrucmw5btyhrppm463cz3c5oq
z-lab.i2p,s6g2pz3mrwzsl4ts65ox3scqawfj7mzvd7hn2ekiiycawopkriba
zab.i2p,n4xen5sohufgjhv327ex4qra77f4tpqohlcyoa3atoboknzqazeq
zcash.i2p,zcashmliuw3yd2ptfyd5sadatcpyxj4ldiqahtjzg73cgoevxp4q
zener.i2p,mcbyglflte3dhwhqyafsfpnqtcapqkv2sepqd62wzd7fo2dzz4ca
zerobin.i2p,3564erslxzaoucqasxsjerk4jz2xril7j2cbzd4p7flpb4ut67hq
zeroman.i2p,gq77fmto535koofcd53f6yzcc5y57ccrxg3pb6twhcodc7v5dutq
zeronet.i2p,fe6pk5sibhkr64veqxkfochdfptehyxrrbs3edwjs5ckjbjn4bna
znc.i2p,uw2yt6njjl676fupd72hiezwmd4ouuywowrph6fvhkzhlnvp7jwa
znc.str4d.i2p,ufkajv3stxpxlwgwwb2ae6oixdjircnbwog77qxpxv7nt67rpcxq
zzz.i2p,ukeu3k5oycgaauneqgtnvselmt4yemvoilkln7jpvamvfx7dnkdq
